<?xml version="1.0"?>
<doc>
    <assembly>
        <name>Microsoft.WindowsMobile.Forms</name>
    </assembly>
    <members>
        <member name="T:Microsoft.WindowsMobile.Forms.SortOrder">
            <summary>
            Specifies the sort order for files appearing in the form.
            </summary>
        </member>
        <member name="F:Microsoft.WindowsMobile.Forms.SortOrder.DateAscending">
            <summary>
            Picture files are sorted by date, in ascending order.
            </summary>
        </member>
        <member name="F:Microsoft.WindowsMobile.Forms.SortOrder.DateDescending">
            <summary>
            Picture files are sorted by date, in decending order.
            </summary>
        </member>
        <member name="F:Microsoft.WindowsMobile.Forms.SortOrder.NameAscending">
            <summary>
            Picture files are sorted by name, in ascending order.
            </summary>
        </member>
        <member name="F:Microsoft.WindowsMobile.Forms.SortOrder.NameDescending">
            <summary>
            Picture files are sorted by name, in decending order.
            </summary>
        </member>
        <member name="F:Microsoft.WindowsMobile.Forms.SortOrder.SizeAscending">
            <summary>
            Picture files are sorted by size, in ascending order.
            </summary>
        </member>
        <member name="F:Microsoft.WindowsMobile.Forms.SortOrder.SizeDescending">
            <summary>
            Picture files are sorted by size, in decending order.
            </summary>
        </member>
        <member name="T:Microsoft.WindowsMobile.Forms.SelectPictureDialog">
            <summary>
            Defines attributes and behaviors of a custom dialog box for selecting pictures.
            </summary>
        </member>
        <member name="M:Microsoft.WindowsMobile.Forms.SelectPictureDialog.ShowDialog">
            <summary>
            Displays the "Select Picture" dialog box.
            </summary>
            <remarks>
            This is a modal dialog box.
            </remarks>
            <returns>A <b>DialogResult</b> value.</returns>
            <example> 
            <para>
            This sample shows how to call and display the custom dialog box for selecting pictures. 
            The resulting dialog will:
            </para>
            <list type="bullet">
            <item>
            <description>Filter out image files by displaying only .JPG and .BMP files.</description>
            </item>
            <item>
            <description>
            Launch the dialog in the '\My Device\My Images' directory.
            </description>
            </item>
            <item>
            <description>
            Display a custom title.
            </description>
            </item>
            </list>
            <code>
            SelectPictureDialog pickerDialog = new SelectPictureDialog();
            
            pickerDialog.Filter = "Image Files(*.BMP;*.JPG)|*.BMP;*.JPG";
            pickerDialog.InitialDirectory = @"\My Device\My Images";
            pickerDialog.Title ="Select an image file";
            
            pickerDialog.ShowDialog();
            </code>
            </example>
        </member>
        <member name="M:Microsoft.WindowsMobile.Forms.SelectPictureDialog.#ctor">
            <summary>
            Initializes a new instance of the <b>SelectPictureDialog</b> class.
            </summary>
        </member>
        <member name="P:Microsoft.WindowsMobile.Forms.SelectPictureDialog.FileName">
            <summary>
            Gets the name of the selected picture file.
            </summary>
            <value></value>
        </member>
        <member name="P:Microsoft.WindowsMobile.Forms.SelectPictureDialog.Filter">
            <summary>
            Gets or sets the file types displayed in the Select Picture dialog box.  
            </summary>
            <value>A description of each
            filtering option, followed by the vertical Bar (|), followed by the filter pattern.
            Multiple filtering options are also separated by the vertical bar.  For example, "Bitmap Files|*.BMP|JPG Files|*.JPG"</value>
            <exception cref="T:System.ArgumentException">Thrown when attempting to set an invalid filter.</exception>
        </member>
        <member name="P:Microsoft.WindowsMobile.Forms.SelectPictureDialog.FilterIndex">
            <summary>
            Gets or sets the index of the currently selected filtering option.
            <seealso cref="P:Microsoft.WindowsMobile.Forms.SelectPictureDialog.Filter"/>
            </summary>
        </member>
        <member name="P:Microsoft.WindowsMobile.Forms.SelectPictureDialog.InitialDirectory">
            <summary>
            Gets or sets the directory displayed in the Select Picture dialog box.
            </summary>
            <remarks>
            If <b>null</b>, a default directory is used.
            </remarks>
        </member>
        <member name="P:Microsoft.WindowsMobile.Forms.SelectPictureDialog.LockDirectory">
            <summary>
            Not supported. Gets or sets a value indicating whether the user can browse to directories other than the <b>InitialDirectory</b>.
            </summary>
        </member>
        <member name="P:Microsoft.WindowsMobile.Forms.SelectPictureDialog.ShowDrmContent">
            <summary>
            Gets or sets a value indicating whether Digital Rights Management (DRM) protected files are displayed.
            </summary>
        </member>
        <member name="P:Microsoft.WindowsMobile.Forms.SelectPictureDialog.ShowForwardLockedContent">
            <summary>
            Gets or sets a value indicating whether Digital Rights Management (DRM) protected files that are protected such that they cannot be forwarded, are displayed.
            </summary>
        </member>
        <member name="P:Microsoft.WindowsMobile.Forms.SelectPictureDialog.MessagingFileCreate">
            <summary>
            Gets or sets a value indicating whether the user want captured picture or video is fitted into a Multimedia short message.
            </summary>
        </member>
        <member name="P:Microsoft.WindowsMobile.Forms.SelectPictureDialog.CameraCaptureVideoOnly">
            <summary>
            Gets or sets a value indicating whether the user want to capture video without audio.
            </summary>
        </member>
        <member name="P:Microsoft.WindowsMobile.Forms.SelectPictureDialog.CameraCaptureVideoWithAudio">
            <summary>
            Gets or sets a value indicating whether the user want to capture video with audio.
            </summary>
        </member>
        <member name="P:Microsoft.WindowsMobile.Forms.SelectPictureDialog.CameraCaptureVideoDefault">
            <summary>
            Gets or sets a value indicating the user wants to use the default audio setting when capture video.
            </summary>
        </member>
        <member name="P:Microsoft.WindowsMobile.Forms.SelectPictureDialog.Title">
            <summary>
            Gets or sets the title of the Select Picture dialog box.
            </summary>
            <value></value>
        </member>
        <member name="P:Microsoft.WindowsMobile.Forms.SelectPictureDialog.SortOrder">
            <summary>
            Gets or sets the order in which files are sorted in the Select Picture dialog box.
            </summary>
            For information on the SortOrder enumeration, <see cref="P:Microsoft.WindowsMobile.Forms.SelectPictureDialog.SortOrder"/>
            <value></value>
            <exception cref="T:System.ArgumentOutOfRangeException">Thrown when attempting to set a value that is out of range.</exception>
        </member>
        <member name="P:Microsoft.WindowsMobile.Forms.SelectPictureDialog.CameraAccess">
            <summary>
            Not supported. Gets or sets a value indicating whether the user is given access to the camera, from the Select Picture dialog box.
            </summary>
        </member>
        <member name="P:Microsoft.WindowsMobile.Forms.SelectPictureDialog.Owner">
            <summary>
            Gets or sets this control’s owner control.
            </summary>
            <value></value>
        </member>
        <member name="T:Microsoft.WindowsMobile.Forms.ChooseContactDialog">
            <summary>
            Defines the attributes and behaviors of a custom dialog box for choosing Contacts.
            </summary>
        </member>
        <member name="M:Microsoft.WindowsMobile.Forms.ChooseContactDialog.ShowDialog">
            <summary>
            Displays the Contact Chooser dialog box.
            </summary>
            <exception cref="T:System.ArgumentException">Thrown when <b>RequiredProperties</b> is not set, and <b>ChoosePropertyOnly</b> is true.</exception>
            <exception cref="T:System.ArgumentException">Thrown when <b>SelectedContact</b> is not a valid Contact object and <b>ChoosePropertyOnly</b> is true.</exception>
            <exception cref="T:System.ArgumentException">Thrown when there are any other argument errors.</exception>
            <returns>The dialog result for the form.
            For more information, see 
            <A HREF="http://msdn.microsoft.com/library/en-us/cpref/html/frlrfSystemWindowsFormsControlClassTopic.asp">Form.DialogResult Property</A> 
            in the .NET Framework Class Library on MSDN.
            </returns>
            <example>
            This example shows how to call and display a custom dialog box for choosing Contacts.
            The resulting dialog will also display a custom title.
            <code>
            ChooseContactDialog contactPicker = new ChooseContactDialog();
            
            contactPicker.Title = "Choose a Contact below:";
            contactPicker.ChooseContactOnly = true;
            contactPicker.ShowDialog();
            
            Console.WriteLine("The contact selected was {0}.", contactPicker.SelectedContactName);
            </code>
            </example>
        </member>
        <member name="M:Microsoft.WindowsMobile.Forms.ChooseContactDialog.#ctor">
            <summary>
            Initializes a new instance of the <b>ChooseContactDialog</b> class.
            </summary>    
        </member>
        <member name="P:Microsoft.WindowsMobile.Forms.ChooseContactDialog.Title">
            <summary>
            Gets or sets the title of the Contact Chooser dialog box.
            </summary>
        </member>
        <member name="P:Microsoft.WindowsMobile.Forms.ChooseContactDialog.ChoosePropertyText">
            <summary>
            Gets or sets the text label of the Property Chooser control.
            </summary>
        </member>
        <member name="P:Microsoft.WindowsMobile.Forms.ChooseContactDialog.RestrictContacts">
            <summary>
            Gets or sets the restriction string used to generate a filtered Contact list.
            </summary>
            <seealso cref="M:Microsoft.WindowsMobile.PocketOutlook.ContactCollection.Restrict(System.String)"/>
        </member>
        <member name="P:Microsoft.WindowsMobile.Forms.ChooseContactDialog.IncrementalFilter">
            <summary>
            Gets or sets the text of the incremental filter box.
            </summary>
            <remarks>
            The Incremental Filter box appears at the top of the Contact Chooser dialog box. The list of contacts in the dialog will be restricted to those matching this text.
            </remarks>
        </member>
        <member name="P:Microsoft.WindowsMobile.Forms.ChooseContactDialog.HideNew">
            <summary>
            Gets or sets a value indicating whether the user can create a new Contact.
            </summary>
        </member>
        <member name="P:Microsoft.WindowsMobile.Forms.ChooseContactDialog.ChooseContactOnly">
            <summary>
            Gets or sets a value indicating whether the user is limited to choosing just a Contact, or choosing a property of a specified Contact.
            </summary>
            <remarks>
            If <b>true</b>, the returned property is the first non-blank property in <b>RequiredProperties</b>.
            ChoosePropertyOnly and ChooseContactOnly cannot both be set to <b>true</b>.  In the event that both are
            set to <b>true</b>, setting ChooseContactOnly to <b>true</b> will automatically set 
            ChoosePropertyOnly to <b>false</b>
            </remarks>
        </member>
        <member name="P:Microsoft.WindowsMobile.Forms.ChooseContactDialog.ChoosePropertyOnly">
            <summary>
            Gets or sets a value indicating whether the user is limited to choosing just a property of a specified Contact, or choosing the Contact.
            </summary>
            <remarks>
            If <b>true</b>, <b>SelectedContact</b> must be set before calling <b>ShowDialog</b>.
            ChoosePropertyOnly and ChooseContactOnly cannot both be set to <b>true</b>.  In the event that both are
            set to <b>true</b>, setting ChoosePropertyOnly to <b>true </b>will automatically set 
            ChooseContactOnly to <b>false</b>
            </remarks>
        </member>
        <member name="P:Microsoft.WindowsMobile.Forms.ChooseContactDialog.FilterRequiredProperties">
            <summary>
            Gets or sets a value indicating whether the user wants to filter on certain properties.
            </summary>
        </member>
        <member name="P:Microsoft.WindowsMobile.Forms.ChooseContactDialog.NoUIOnSingleOrNoMatch">
            <summary>
            Gets or sets a value indicating whether the user wants to show  the Contact Chooser, 
            or the Property Chooser dialog boxes display for a single match, 
            or for no matches
            </summary>
        </member>
        <member name="P:Microsoft.WindowsMobile.Forms.ChooseContactDialog.NoUI">
            <summary>
            Gets or sets a value indicating whether the user wants to show the contact chooser
            or the property chooser dialogs.
            </summary>
        </member>
        <member name="P:Microsoft.WindowsMobile.Forms.ChooseContactDialog.EnableGlobalAddressListLookup">
            <summary>
            Gets or sets a value indicating whether the user wants to allow 
            Global Address List lookups.
            </summary>
        </member>
        <member name="P:Microsoft.WindowsMobile.Forms.ChooseContactDialog.AllowNewContactSelection">
            <summary>
            Gets or sets a value indicating whether the caller wants to allow
            the user to select 'New Contact' instead of a specific contact.
            </summary>
        </member>
        <member name="P:Microsoft.WindowsMobile.Forms.ChooseContactDialog.RequiredProperties">
            <summary>
            Gets or sets the <b>ContactProperty</b> array values that specify which properties a Contact must have in order to be shown in the Contact Chooser dialog box.
            </summary>      
        </member>
        <member name="P:Microsoft.WindowsMobile.Forms.ChooseContactDialog.SelectedContactName">
            <summary>
            Gets the selected Contact’s name.
            </summary>  
        </member>
        <member name="P:Microsoft.WindowsMobile.Forms.ChooseContactDialog.SelectedPropertyValue">
            <summary>
            Gets the selected property value.
            </summary>       
        </member>
        <member name="P:Microsoft.WindowsMobile.Forms.ChooseContactDialog.SelectedContact">
            <summary>
            Gets or sets the Contact.
            </summary>
            <remarks>
            If <b>ChoosePropertyOnly</b> is <b>true</b>, then <b>SelectedContact</b> sets the Contact from which the user selects a property.
            </remarks>
        </member>
        <member name="P:Microsoft.WindowsMobile.Forms.ChooseContactDialog.SelectedProperty">
            <summary>
            Gets the selected property.
            </summary>     
        </member>
        <member name="P:Microsoft.WindowsMobile.Forms.ChooseContactDialog.Owner">
            <summary>
            Gets or sets the owner control.
            </summary>  
        </member>
        <member name="T:Microsoft.WindowsMobile.Forms.ChooseContactDialog.ChooseContactDialogFlags">
            <summary>
            Specifies Contact Chooser options.
            </summary>
        </member>
        <member name="F:Microsoft.WindowsMobile.Forms.ChooseContactDialog.ChooseContactDialogFlags.Default">
            <summary>
            Default view
            </summary>
        </member>
        <member name="F:Microsoft.WindowsMobile.Forms.ChooseContactDialog.ChooseContactDialogFlags.HideNew">
            <summary>
            Allows the user to disable create a new Contact from the Contact Chooser control
            </summary>
        </member>
        <member name="F:Microsoft.WindowsMobile.Forms.ChooseContactDialog.ChooseContactDialogFlags.ChooseContactOnly">
            <summary>
            Select the first non empty item for multiple matches
            </summary>
        </member>
        <member name="F:Microsoft.WindowsMobile.Forms.ChooseContactDialog.ChooseContactDialogFlags.ChoosePropertyOnly">
            <summary>
            When set, the Contact Chooser dialog box does not appear.
            The OID of the Contact to use is retrieved from the oidContactID property
            </summary>
        </member>
        <member name="F:Microsoft.WindowsMobile.Forms.ChooseContactDialog.ChooseContactDialogFlags.ReturnContactName">
            <summary>
            The Contact name is returned in the bstrContactName property
            </summary>
        </member>
        <member name="F:Microsoft.WindowsMobile.Forms.ChooseContactDialog.ChooseContactDialogFlags.ReturnPropertyValue">
            <summary>
            The property value is returned in the bstrPropertyValueSelected property
            </summary>
        </member>
        <member name="F:Microsoft.WindowsMobile.Forms.ChooseContactDialog.ChooseContactDialogFlags.FilterRequiredProperties">
            <summary>
            Filter required properties
            </summary>
        </member>
        <member name="F:Microsoft.WindowsMobile.Forms.ChooseContactDialog.ChooseContactDialogFlags.NoUIOnSingleOrNoMatch">
            <summary>
            Neither the Contact Chooser, nor the Property Chooser dialog boxes display for a single match, 
            or for no matches
            </summary>
        </member>
        <member name="F:Microsoft.WindowsMobile.Forms.ChooseContactDialog.ChooseContactDialogFlags.NoUI">
            <summary>
            Neither the Contact Chooser, nor the Property Chooser dialog boxes display
            </summary>
        </member>
        <member name="F:Microsoft.WindowsMobile.Forms.ChooseContactDialog.ChooseContactDialogFlags.EnableGlobalAddressListLookup">
            <summary>
            Enable the "Find Online" option to perform Global Address List lookup.
            </summary>
        </member>
        <member name="F:Microsoft.WindowsMobile.Forms.ChooseContactDialog.ChooseContactDialogFlags.AllowNewContactSelection">
            <summary>
            Allow the user to select 'New Contact' instead of a specific contact.
            </summary>
        </member>
        <member name="T:Microsoft.WindowsMobile.Forms.CameraCaptureMode">
            <summary>
            The <b>CameraCaptureMode</b> enumeration specifies the camera mode used for image capture.
            <seealso cref="T:Microsoft.WindowsMobile.Forms.CameraCaptureDialog"/>
            <seealso cref="T:Microsoft.WindowsMobile.Forms.CameraCaptureStillQuality"/>
            <seealso cref="T:Microsoft.WindowsMobile.Forms.CameraCaptureVideoTypes"/>
            </summary>
        </member>
        <member name="F:Microsoft.WindowsMobile.Forms.CameraCaptureMode.Still">
            <summary>
            Capture a still image. This is the default. Value = 0.
            </summary>
        </member>
        <member name="F:Microsoft.WindowsMobile.Forms.CameraCaptureMode.VideoOnly">
            <summary>
            Capture a video clip without audio.
            </summary>
        </member>
        <member name="F:Microsoft.WindowsMobile.Forms.CameraCaptureMode.VideoWithAudio">
            <summary>
            Capture a video clip with audio.
            </summary>
        </member>
        <member name="T:Microsoft.WindowsMobile.Forms.CameraCaptureStillQuality">
            <summary>
            The <b>CameraCaptureStillQuality</b> enumeration specifies the compression level used for still image capture.
            </summary>
            <seealso cref="T:Microsoft.WindowsMobile.Forms.CameraCaptureDialog"/>
            <seealso cref="T:Microsoft.WindowsMobile.Forms.CameraCaptureMode"/>
            <seealso cref="T:Microsoft.WindowsMobile.Forms.CameraCaptureVideoTypes"/>
        </member>
        <member name="F:Microsoft.WindowsMobile.Forms.CameraCaptureStillQuality.Default">
            <summary>
            Capture a still image using the default compression level. 
            This is the quality last selected by the user in <b>Picture &amp; Video</b> &gt; <b>Camera Options</b> &gt; <b>Still image compression level:</b>. 
            This is the default value.  Value = 0.
            </summary>
        </member>
        <member name="F:Microsoft.WindowsMobile.Forms.CameraCaptureStillQuality.Low">
            <summary>
            Capture a still image using the <b>Low Quality</b> compression level.
            </summary>
        </member>
        <member name="F:Microsoft.WindowsMobile.Forms.CameraCaptureStillQuality.Normal">
            <summary>
            Capture a still image using the <b>Normal Quality</b> compression level.
            </summary>
        </member>
        <member name="F:Microsoft.WindowsMobile.Forms.CameraCaptureStillQuality.High">
            <summary>
            Capture a still image using the <b>High Quality</b> compression level.
            </summary>
        </member>
        <member name="T:Microsoft.WindowsMobile.Forms.CameraCaptureVideoTypes">
            <summary>
            The <b>CameraCaptureVideoTypes</b> enumeration defines the purpose of the video.
            </summary>
            <remarks>
            Multimedia Messaging Service (MMS) applications must be able to capture video 
            that meets criteria specific to multimedia messaging. 
            To accommodate this, it is up to the mobile device Original Equipment Manufacturer (OEM) 
            to register Video Profiles for each of the Video Types (All, Standard, and Messaging). 
            To be compliant, you just need to create a <see cref="T:Microsoft.WindowsMobile.Forms.CameraCaptureDialog"/> object  
            with a Video Type and video resolution that matches one of the Video Profiles.
            <para>
            <ul>
            <li>
            <b>Video Type</b> specifies whether the video should be recorded in a format 
            that is compatible with video messaging (usually encoded in either <A HREF="http://www.m4if.org/mpeg4/?frame=false">MPEG4</A> 
            format or <A HREF="http://www.itu.int/home/?frame=true">H.263</A> format), 
            or for use in home videos and e-mail messaging (usually encoded in Windows Media Video 
            (<A HREF="http://www.microsoft.com/windows/windowsmedia/default.aspx">WMV</A>) format).
            </li>
            <li>
            <b>Video Profiles</b> are registry settings that contain a combination of Video Type, video encoder, 
            video resolution, and a profile name.
            </li>
            </ul>
            </para>
            <para>
            When you ceate a <see cref="T:Microsoft.WindowsMobile.Forms.CameraCaptureDialog"/> object, the Video Type and video resolution that you specify 
            are matched to a corresponding Video Profile to determine which Video Profile is used to initialize video capture mode. 
            Your <see cref="P:Microsoft.WindowsMobile.Forms.CameraCaptureDialog.VideoTypes"/> value is logically ANDed (&amp;) with the <b>VideoType</b> value 
            in each registered profile (e.g., "VideoType:DWORD = 0x0002" for messaging). 
            Of those that produce a 1, the video resolutions are then compared. 
            If a matching Video Profile is found, then it is used to initialize video capture mode. 
            If one cannot be found, then an <b>System.ArgumentException</b> exception is raised. 
            In this case, you should just create a <see cref="T:Microsoft.WindowsMobile.Forms.CameraCaptureDialog"/> object again, 
            this time with a <b>VideoTypes</b> value of <b>All</b> (0xFFFF), and no specified video resolution; 
            the first supported video resolution will then be used.
            </para>
            <para>
            <b>Note</b>   For more information on defining Video Profiles, 
            see the section on <b>Video Profiles</b> in <b>Camera, Pictures and Videos Registry Settings</b>.
            </para>
            <example>
            The following example demonstrates a typical video profile registration.
            <code>
            HKEY_LOCAL_MACHINE\Software\Microsoft\Pictures\Camera\OEM\VideoProfile\1
            ItemString:String = "MMS (174x144)"
            VideoType:DWORD = 0x0002 ; For messaging
            Width:DWORD = 176
            Height:DWORD = 144
            </code>
            </example>
            <para>
            You can estimate the video file size that meets the time-limit restriction by specifying a particular video resolution.
            </para>
            <para>
            Each Video Profile is listed as an option for the user in <b>Pictures &amp; Video</b> &gt; <b>Menu</b> &gt; <b>Quality</b>.
            </para>
            </remarks>
            <seealso cref="T:Microsoft.WindowsMobile.Forms.CameraCaptureDialog"/>
            <seealso cref="T:Microsoft.WindowsMobile.Forms.CameraCaptureMode"/>
            <seealso cref="T:Microsoft.WindowsMobile.Forms.CameraCaptureStillQuality"/>
        </member>
        <member name="F:Microsoft.WindowsMobile.Forms.CameraCaptureVideoTypes.All">
            <summary>
            Only the resolution is used when matching video profiles.
            If resolution width and height both equal 0, and a <b>CameraCaptureVideoTypes</b> value of <b>All</b> is used, 
            then the user's last selected resolution is used. 
            Value = 0xFFFF.
            </summary>
        </member>
        <member name="F:Microsoft.WindowsMobile.Forms.CameraCaptureVideoTypes.Standard">
            <summary>
            Produces high-quality video clips used for home movies and e-mail video messaging, 
            using a video encoder such as the Windows Media encoder. 
            For a <b>CameraCaptureVideoTypes</b> value of <b>Standard</b>, 
            neither resolution width nor height can equal 0.
            Value = 1.
            </summary>
        </member>
        <member name="F:Microsoft.WindowsMobile.Forms.CameraCaptureVideoTypes.Messaging">
            <summary>
            Produces video clips used for Multimedia Messaging Service (MMS) video messaging, 
            which require a video encoder that conforms to the 
            <A HREF="http://www.3gpp.org/?frame=true">3rd Generation Partnership Project (3GPP)</A> specification. 
            For a <b>CameraCaptureVideoTypes</b> value of <b>Messaging</b>, 
            neither resolution width nor height can equal 0.
            Value = 2.
            </summary>
        </member>
        <member name="T:Microsoft.WindowsMobile.Forms.CameraCaptureDialog">
            <summary>
            The <b>CameraCaptureDialog</b> class launches the Camera Capture dialog box, 
            which allows the user to capture still images and video clips.
            </summary>
            <seealso cref="M:Microsoft.WindowsMobile.Forms.CameraCaptureDialog.ShowDialog"/>
            <seealso cref="T:Microsoft.WindowsMobile.Forms.CameraCaptureMode"/>
            <seealso cref="T:Microsoft.WindowsMobile.Forms.CameraCaptureStillQuality"/>
            <seealso cref="T:Microsoft.WindowsMobile.Forms.CameraCaptureVideoTypes"/>
        </member>
        <member name="M:Microsoft.WindowsMobile.Forms.CameraCaptureDialog.#ctor">
            <summary>
            Initializes a new instance of <b>CameraCaptureDialog</b> class.
            </summary>
            <seealso cref="T:Microsoft.WindowsMobile.Forms.CameraCaptureDialog"/>
            <seealso cref="M:Microsoft.WindowsMobile.Forms.CameraCaptureDialog.ShowDialog"/>
            <seealso cref="T:Microsoft.WindowsMobile.Forms.CameraCaptureMode"/>
            <seealso cref="T:Microsoft.WindowsMobile.Forms.CameraCaptureStillQuality"/>
            <seealso cref="T:Microsoft.WindowsMobile.Forms.CameraCaptureVideoTypes"/>
        </member>
        <member name="M:Microsoft.WindowsMobile.Forms.CameraCaptureDialog.AllocUnmanagedBuffer(System.Int32)">
            <summary>
            Allocates unmanaged buffer of the specified number of bytes.
            </summary>
            <param name="bytes">Number of bytes to allocate.</param>
            <returns>Unmanaged buffer allocated with specified length.</returns>
            <exception cref="T:System.ArgumentException">Thrown when attempting to allocate an invalid number of bytes.</exception>
            <exception cref="T:System.OutOfMemoryException">Thrown when the attempt to allocate the unmanaged buffer, fails.</exception>
        </member>
        <member name="M:Microsoft.WindowsMobile.Forms.CameraCaptureDialog.ToUnmanagedString(System.String)">
            <summary>
            Allocates unmanaged buffer for the specified managed string.
            </summary>
            <param name="str">Managed string.</param>
            <returns>Unmanaged buffer allocated for the specified managed string.</returns>
        </member>
        <member name="M:Microsoft.WindowsMobile.Forms.CameraCaptureDialog.LaunchCameraCaptureDialog(System.IntPtr)">
            <summary>
            Call SHCameraCapture to launch camera capture dialog.
            </summary>
            <param name="ptrStruct">Struct parameter for unmanaged camera capture API.</param>
            <returns>One of the DialogResult values.</returns>
            <exception cref="T:System.OutOfMemoryException">Thrown when the operation runs out of memory.</exception>
            <exception cref="T:System.ArgumentException">Thrown when an invalid argument is specified.</exception>
            <exception cref="T:System.InvalidOperationException">Thrown when an unknown error occurrs.</exception>
        </member>
        <member name="M:Microsoft.WindowsMobile.Forms.CameraCaptureDialog.ShowDialog">
            <summary>
            Displays the "Camera Capture" dialog box,
            which allows the user to capture still images and video clips.        
            </summary>
            <returns>One of the <b>DialogResult</b> values (either <b>OK</b> or <b>Cancel</b>).</returns>
            <exception cref="T:System.OutOfMemoryException">Thrown when operation ran out of memory.</exception>
            <exception cref="T:System.ArgumentException">
            Thrown when an invalid argument was specified.
            <b>Note</b>: There is only one valid video resolution on Smartphone. 
            As a result, a value of <b>CameraCapturevideoTypes.Messaging</b> can produce 
            an <b>ArgumentException</b> exception on Smartphone.
            </exception>
            <exception cref="T:System.InvalidOperationException">Thrown when an unknown error occurred.</exception>
            <remarks>
            This is a modal dialog box.
            </remarks>
            <example>
            This example shows how to call and display a dialog box for taking a picture or video.
            <code>
            CameraCaptureDialog cameraCapture = new CameraCaptureDialog();
            
            cameraCapture.Owner = null;
            cameraCapture.InitialDirectory = @"\My Documents";
            cameraCapture.DefaultFileName = @"test.3gp";
            cameraCapture.Title = "Camera Demo";
            cameraCapture.VideoTypes = CameraCaptureVideoTypes.Messaging;
            cameraCapture.Resolution = new Size(176, 144);
            cameraCapture.VideoTimeLimit = new TimeSpan(0, 0, 15);  // Limited to 15 seconds of video.
            cameraCapture.Mode = CameraCaptureMode.VideoWithAudio;
            
            if (DialogResult.OK == cameraCapture.ShowDialog())
            {
                Console.WriteLine("The picture or video has been successfully captured to:\n{0}", cameraCapture.FileName);
            }
            </code>
            </example>
            <seealso cref="T:Microsoft.WindowsMobile.Forms.CameraCaptureDialog"/>
            <seealso cref="T:Microsoft.WindowsMobile.Forms.CameraCaptureMode"/>
            <seealso cref="T:Microsoft.WindowsMobile.Forms.CameraCaptureStillQuality"/>
            <seealso cref="T:Microsoft.WindowsMobile.Forms.CameraCaptureVideoTypes"/>  
        </member>
        <member name="P:Microsoft.WindowsMobile.Forms.CameraCaptureDialog.Owner">
            <summary>
            Gets or sets the control that owns the <b>CameraCaptureDialog</b> component.
            </summary>
            <value>A control object that owns this component.</value>
            <remarks>
            The value of <b>Owner</b> can be NULL.
            </remarks>
            <seealso cref="T:Microsoft.WindowsMobile.Forms.CameraCaptureDialog"/>
            <seealso cref="M:Microsoft.WindowsMobile.Forms.CameraCaptureDialog.ShowDialog"/>
            <seealso cref="T:Microsoft.WindowsMobile.Forms.CameraCaptureMode"/>
            <seealso cref="T:Microsoft.WindowsMobile.Forms.CameraCaptureStillQuality"/>
            <seealso cref="T:Microsoft.WindowsMobile.Forms.CameraCaptureVideoTypes"/>
            <seealso cref="P:Microsoft.WindowsMobile.Forms.CameraCaptureDialog.FileName"/>
            <seealso cref="P:Microsoft.WindowsMobile.Forms.CameraCaptureDialog.InitialDirectory"/>
            <seealso cref="P:Microsoft.WindowsMobile.Forms.CameraCaptureDialog.DefaultFileName"/>        
            <seealso cref="P:Microsoft.WindowsMobile.Forms.CameraCaptureDialog.Title"/>
            <seealso cref="P:Microsoft.WindowsMobile.Forms.CameraCaptureDialog.StillQuality"/>
            <seealso cref="P:Microsoft.WindowsMobile.Forms.CameraCaptureDialog.VideoTypes"/>
            <seealso cref="P:Microsoft.WindowsMobile.Forms.CameraCaptureDialog.Resolution"/>
            <seealso cref="P:Microsoft.WindowsMobile.Forms.CameraCaptureDialog.VideoTimeLimit"/>
            <seealso cref="P:Microsoft.WindowsMobile.Forms.CameraCaptureDialog.Mode"/>
        </member>
        <member name="P:Microsoft.WindowsMobile.Forms.CameraCaptureDialog.FileName">
            <summary>
            Gets the fully-qualified pathname of the image file or video file.
            </summary>
            <value>The fully-qualified pathname of the image file or video file.</value>
            <remarks>
            If the <b>ShowDialog</b> method returns <b>DialogResult.OK</b>, 
            then <b>FileName</b> is set to the fully-qualified pathname of the captured still image or video clip.
            Up to 260 characters can be returned.
            </remarks>
            <seealso cref="T:Microsoft.WindowsMobile.Forms.CameraCaptureDialog"/>
            <seealso cref="M:Microsoft.WindowsMobile.Forms.CameraCaptureDialog.ShowDialog"/>
            <seealso cref="T:Microsoft.WindowsMobile.Forms.CameraCaptureMode"/>
            <seealso cref="T:Microsoft.WindowsMobile.Forms.CameraCaptureStillQuality"/>
            <seealso cref="T:Microsoft.WindowsMobile.Forms.CameraCaptureVideoTypes"/>
            <seealso cref="P:Microsoft.WindowsMobile.Forms.CameraCaptureDialog.Owner"/>
            <seealso cref="P:Microsoft.WindowsMobile.Forms.CameraCaptureDialog.InitialDirectory"/>
            <seealso cref="P:Microsoft.WindowsMobile.Forms.CameraCaptureDialog.DefaultFileName"/>        
            <seealso cref="P:Microsoft.WindowsMobile.Forms.CameraCaptureDialog.Title"/>
            <seealso cref="P:Microsoft.WindowsMobile.Forms.CameraCaptureDialog.StillQuality"/>
            <seealso cref="P:Microsoft.WindowsMobile.Forms.CameraCaptureDialog.VideoTypes"/>
            <seealso cref="P:Microsoft.WindowsMobile.Forms.CameraCaptureDialog.Resolution"/>
            <seealso cref="P:Microsoft.WindowsMobile.Forms.CameraCaptureDialog.VideoTimeLimit"/>
            <seealso cref="P:Microsoft.WindowsMobile.Forms.CameraCaptureDialog.Mode"/>
        </member>
        <member name="P:Microsoft.WindowsMobile.Forms.CameraCaptureDialog.InitialDirectory">
            <summary>
            Gets or sets the name of the directory for storing the captured image or video file.
            </summary>
            <value>Specifies the name of the directory for storing the captured image or video file.</value>
            <remarks>
            If <b>NULL</b>, the image or video file is stored in the directory specified in 
            <b>Picture &amp; Video</b> &gt; <b>Camera Options</b> &gt; <b>Save files to:</b>.
            If the directory does not exist, a <b>System.ArgumentException</b> exception is raised.
            </remarks>
            <seealso cref="T:Microsoft.WindowsMobile.Forms.CameraCaptureDialog"/>
            <seealso cref="M:Microsoft.WindowsMobile.Forms.CameraCaptureDialog.ShowDialog"/>
            <seealso cref="T:Microsoft.WindowsMobile.Forms.CameraCaptureMode"/>
            <seealso cref="T:Microsoft.WindowsMobile.Forms.CameraCaptureStillQuality"/>
            <seealso cref="T:Microsoft.WindowsMobile.Forms.CameraCaptureVideoTypes"/>
            <seealso cref="P:Microsoft.WindowsMobile.Forms.CameraCaptureDialog.Owner"/>
            <seealso cref="P:Microsoft.WindowsMobile.Forms.CameraCaptureDialog.DefaultFileName"/>        
            <seealso cref="P:Microsoft.WindowsMobile.Forms.CameraCaptureDialog.Title"/>
            <seealso cref="P:Microsoft.WindowsMobile.Forms.CameraCaptureDialog.StillQuality"/>
            <seealso cref="P:Microsoft.WindowsMobile.Forms.CameraCaptureDialog.VideoTypes"/>
            <seealso cref="P:Microsoft.WindowsMobile.Forms.CameraCaptureDialog.Resolution"/>
            <seealso cref="P:Microsoft.WindowsMobile.Forms.CameraCaptureDialog.VideoTimeLimit"/>
            <seealso cref="P:Microsoft.WindowsMobile.Forms.CameraCaptureDialog.Mode"/>
        </member>
        <member name="P:Microsoft.WindowsMobile.Forms.CameraCaptureDialog.DefaultFileName">
            <summary>
            Gets or sets the still image or video image file name.
            </summary>
            <value>The file name used to store the captured still image or video image.</value>
            <remarks>
            Still images on Windows Mobile devices conform to the <A HREF="http://www.jpeg.org/?frame=false">JPEG</A> standard. 
            As a result, file names for still images must end in <i>*.jpg</i>. 
            There is no restriction for naming video files, other than the file format must be supported 
            by <A HREF="http://www.microsoft.com/windows/windowsmedia/player/windowsmobile/default.aspx?frame=false">Windows Media Player Mobile</A>. 
            Since different video encoders can use differing naming conventions, it is important that the file name has the correct extension. 
            To be safe, you can simply use NULL when naming Video files.
            If <b>DefaultFileName</b> is NULL, then the file name specified in <b>Picture &amp; Video</b> &gt; <b>Camera Options</b> &gt; <b>Type filename prefix:</b> is used. 
            If the file already exists, it is overwritten. 
            The combination of <b>InitialDirectory</b> and <b>DefaultFileName</b> must not exceed 256 characters.
            </remarks>
            <seealso cref="T:Microsoft.WindowsMobile.Forms.CameraCaptureDialog"/>
            <seealso cref="M:Microsoft.WindowsMobile.Forms.CameraCaptureDialog.ShowDialog"/>
            <seealso cref="T:Microsoft.WindowsMobile.Forms.CameraCaptureMode"/>
            <seealso cref="T:Microsoft.WindowsMobile.Forms.CameraCaptureStillQuality"/>
            <seealso cref="T:Microsoft.WindowsMobile.Forms.CameraCaptureVideoTypes"/>
            <seealso cref="P:Microsoft.WindowsMobile.Forms.CameraCaptureDialog.Owner"/>
            <seealso cref="P:Microsoft.WindowsMobile.Forms.CameraCaptureDialog.InitialDirectory"/>
            <seealso cref="P:Microsoft.WindowsMobile.Forms.CameraCaptureDialog.Title"/>
            <seealso cref="P:Microsoft.WindowsMobile.Forms.CameraCaptureDialog.StillQuality"/>
            <seealso cref="P:Microsoft.WindowsMobile.Forms.CameraCaptureDialog.VideoTypes"/>
            <seealso cref="P:Microsoft.WindowsMobile.Forms.CameraCaptureDialog.Resolution"/>
            <seealso cref="P:Microsoft.WindowsMobile.Forms.CameraCaptureDialog.VideoTimeLimit"/>
            <seealso cref="P:Microsoft.WindowsMobile.Forms.CameraCaptureDialog.Mode"/>
        </member>
        <member name="P:Microsoft.WindowsMobile.Forms.CameraCaptureDialog.Title">
            <summary>
            Gets or sets the title of the Camera Capture dialog box.
            </summary>
            <value>The title of the Camera Capture dialog box.</value>
            <remarks>
            If <b>NULL</b>, a default title is displayed. The default title is "Camera".
            <p>On Smartphone, the first time the user enters the Camera View, 
            the title bar displays the text specified with the <b>CameraCaptureDialog.Title</b> property.</p>
            <p>On Pocket PC, the title bar should be the name of the calling application. 
            However, the settings header text displays the text specified with the <b>CameraCaptureDialog.Title</b> property.</p>
            </remarks>
            <seealso cref="T:Microsoft.WindowsMobile.Forms.CameraCaptureDialog"/>
            <seealso cref="M:Microsoft.WindowsMobile.Forms.CameraCaptureDialog.ShowDialog"/>
            <seealso cref="T:Microsoft.WindowsMobile.Forms.CameraCaptureMode"/>
            <seealso cref="T:Microsoft.WindowsMobile.Forms.CameraCaptureStillQuality"/>
            <seealso cref="T:Microsoft.WindowsMobile.Forms.CameraCaptureVideoTypes"/>
            <seealso cref="P:Microsoft.WindowsMobile.Forms.CameraCaptureDialog.Owner"/>
            <seealso cref="P:Microsoft.WindowsMobile.Forms.CameraCaptureDialog.InitialDirectory"/>
            <seealso cref="P:Microsoft.WindowsMobile.Forms.CameraCaptureDialog.DefaultFileName"/>        
            <seealso cref="P:Microsoft.WindowsMobile.Forms.CameraCaptureDialog.StillQuality"/>
            <seealso cref="P:Microsoft.WindowsMobile.Forms.CameraCaptureDialog.VideoTypes"/>
            <seealso cref="P:Microsoft.WindowsMobile.Forms.CameraCaptureDialog.Resolution"/>
            <seealso cref="P:Microsoft.WindowsMobile.Forms.CameraCaptureDialog.VideoTimeLimit"/>
            <seealso cref="P:Microsoft.WindowsMobile.Forms.CameraCaptureDialog.Mode"/>
        </member>
        <member name="P:Microsoft.WindowsMobile.Forms.CameraCaptureDialog.StillQuality">
            <summary>
            Gets or sets the still image quality.
            </summary>
            <value>
            One of the <b>CameraCaptureStillQuality</b> enumeration values, which specifies the compression level used for still image capture. 
            For more information, see <see cref="T:Microsoft.WindowsMobile.Forms.CameraCaptureStillQuality"/>.
            </value>
            <remarks>
            The default value is <b>CameraCaptureStillQuality::Default</b>, which is the quality last selected by the user in 
            <b>Picture &amp; Video</b> &gt; <b>Camera Options</b> &gt; <b>Still image compression level:</b>.
            <p>If the value is not defined in <b>CameraCaptureStillQuality</b> enumeration, <b>System.ArgumentException</b> is raised.</p>
            </remarks>
            <exception cref="T:System.ArgumentException">Thrown when attempting to set an invalid camera capture still quality.</exception>
            <seealso cref="T:Microsoft.WindowsMobile.Forms.CameraCaptureDialog"/>
            <seealso cref="M:Microsoft.WindowsMobile.Forms.CameraCaptureDialog.ShowDialog"/>
            <seealso cref="T:Microsoft.WindowsMobile.Forms.CameraCaptureMode"/>
            <seealso cref="T:Microsoft.WindowsMobile.Forms.CameraCaptureStillQuality"/>
            <seealso cref="T:Microsoft.WindowsMobile.Forms.CameraCaptureVideoTypes"/>
            <seealso cref="P:Microsoft.WindowsMobile.Forms.CameraCaptureDialog.Owner"/>
            <seealso cref="P:Microsoft.WindowsMobile.Forms.CameraCaptureDialog.InitialDirectory"/>
            <seealso cref="P:Microsoft.WindowsMobile.Forms.CameraCaptureDialog.DefaultFileName"/>        
            <seealso cref="P:Microsoft.WindowsMobile.Forms.CameraCaptureDialog.Title"/>
            <seealso cref="P:Microsoft.WindowsMobile.Forms.CameraCaptureDialog.VideoTypes"/>
            <seealso cref="P:Microsoft.WindowsMobile.Forms.CameraCaptureDialog.Resolution"/>
            <seealso cref="P:Microsoft.WindowsMobile.Forms.CameraCaptureDialog.VideoTimeLimit"/>
            <seealso cref="P:Microsoft.WindowsMobile.Forms.CameraCaptureDialog.Mode"/>
        </member>
        <member name="P:Microsoft.WindowsMobile.Forms.CameraCaptureDialog.VideoTypes">
            <summary>
            Gets or sets the video type.
            </summary>
            <value>
            One of the <b>CameraCaptureVideoTypes</b> enumeration values, which specifies a video quality profile (i.e., whether the video clip is to be used by a Multimedia Messaging Service (MMS) application).
            For more information, see <see cref="T:Microsoft.WindowsMobile.Forms.CameraCaptureVideoTypes"/>.
            </value>
            <remarks>
            The default value is <b>CameraCaptureVideoTypes::All</b>.
            <p>If the value is not defined in <b>CameraCaptureVideoTypes</b> enumeration, <b>System.ArgumentException</b> is raised.</p>
            </remarks>
            <exception cref="T:System.ArgumentException">Thrown when attempting to set an invalid camera capture video type.</exception>
            <seealso cref="T:Microsoft.WindowsMobile.Forms.CameraCaptureDialog"/>
            <seealso cref="M:Microsoft.WindowsMobile.Forms.CameraCaptureDialog.ShowDialog"/>
            <seealso cref="T:Microsoft.WindowsMobile.Forms.CameraCaptureMode"/>
            <seealso cref="T:Microsoft.WindowsMobile.Forms.CameraCaptureStillQuality"/>
            <seealso cref="P:Microsoft.WindowsMobile.Forms.CameraCaptureDialog.Owner"/>
            <seealso cref="P:Microsoft.WindowsMobile.Forms.CameraCaptureDialog.InitialDirectory"/>
            <seealso cref="P:Microsoft.WindowsMobile.Forms.CameraCaptureDialog.DefaultFileName"/>        
            <seealso cref="P:Microsoft.WindowsMobile.Forms.CameraCaptureDialog.Title"/>
            <seealso cref="P:Microsoft.WindowsMobile.Forms.CameraCaptureDialog.StillQuality"/>
            <seealso cref="P:Microsoft.WindowsMobile.Forms.CameraCaptureDialog.Resolution"/>
            <seealso cref="P:Microsoft.WindowsMobile.Forms.CameraCaptureDialog.VideoTimeLimit"/>
            <seealso cref="P:Microsoft.WindowsMobile.Forms.CameraCaptureDialog.Mode"/>
        </member>
        <member name="P:Microsoft.WindowsMobile.Forms.CameraCaptureDialog.Resolution">
            <summary>
            Gets or sets the image resolution.
            </summary>
            <value>The image resolution, as a (width, height) value pair, in pixels.</value>
            <remarks>
            The default is (0, 0).
            For video clips, if either Width or Height is 0, only <b>VideoTypes</b> will be considered when selecting video profile (i.e., <b>Resolution</b> is ignored).
            </remarks>
            <seealso cref="T:Microsoft.WindowsMobile.Forms.CameraCaptureDialog"/>
            <seealso cref="M:Microsoft.WindowsMobile.Forms.CameraCaptureDialog.ShowDialog"/>
            <seealso cref="T:Microsoft.WindowsMobile.Forms.CameraCaptureMode"/>
            <seealso cref="T:Microsoft.WindowsMobile.Forms.CameraCaptureStillQuality"/>
            <seealso cref="T:Microsoft.WindowsMobile.Forms.CameraCaptureVideoTypes"/> 
            <seealso cref="P:Microsoft.WindowsMobile.Forms.CameraCaptureDialog.Owner"/>
            <seealso cref="P:Microsoft.WindowsMobile.Forms.CameraCaptureDialog.InitialDirectory"/>
            <seealso cref="P:Microsoft.WindowsMobile.Forms.CameraCaptureDialog.DefaultFileName"/>        
            <seealso cref="P:Microsoft.WindowsMobile.Forms.CameraCaptureDialog.Title"/>
            <seealso cref="P:Microsoft.WindowsMobile.Forms.CameraCaptureDialog.StillQuality"/>
            <seealso cref="P:Microsoft.WindowsMobile.Forms.CameraCaptureDialog.VideoTypes"/>
            <seealso cref="P:Microsoft.WindowsMobile.Forms.CameraCaptureDialog.VideoTimeLimit"/>
            <seealso cref="P:Microsoft.WindowsMobile.Forms.CameraCaptureDialog.Mode"/>
        </member>
        <member name="P:Microsoft.WindowsMobile.Forms.CameraCaptureDialog.VideoTimeLimit">
            <summary>
            Gets or sets the time-limit for video clips.
            </summary>
            <value>The maximum length of time in seconds, allowed for a video clip.</value>
            <remarks>
            <b>VideoTimeLimit</b> is a time-interval represented by a <b>TimeSpan</b> object.  
            For more information, see 
            <A HREF="http://msdn.microsoft.com/library/en-us/cpref/html/frlrfsystemtimespanclasstopic.asp">TimeSpan Structure</A> on MSDN.
            <p>A time limit of 0 indicates that there is no limitation. The default is 0 (no limit).</p>
            </remarks>
            <seealso cref="T:Microsoft.WindowsMobile.Forms.CameraCaptureDialog"/>
            <seealso cref="M:Microsoft.WindowsMobile.Forms.CameraCaptureDialog.ShowDialog"/>
            <seealso cref="T:Microsoft.WindowsMobile.Forms.CameraCaptureMode"/>
            <seealso cref="T:Microsoft.WindowsMobile.Forms.CameraCaptureStillQuality"/>
            <seealso cref="T:Microsoft.WindowsMobile.Forms.CameraCaptureVideoTypes"/>
            <seealso cref="P:Microsoft.WindowsMobile.Forms.CameraCaptureDialog.Owner"/>
            <seealso cref="P:Microsoft.WindowsMobile.Forms.CameraCaptureDialog.InitialDirectory"/>
            <seealso cref="P:Microsoft.WindowsMobile.Forms.CameraCaptureDialog.DefaultFileName"/>        
            <seealso cref="P:Microsoft.WindowsMobile.Forms.CameraCaptureDialog.Title"/>
            <seealso cref="P:Microsoft.WindowsMobile.Forms.CameraCaptureDialog.StillQuality"/>
            <seealso cref="P:Microsoft.WindowsMobile.Forms.CameraCaptureDialog.VideoTypes"/>
            <seealso cref="P:Microsoft.WindowsMobile.Forms.CameraCaptureDialog.Resolution"/>
            <seealso cref="P:Microsoft.WindowsMobile.Forms.CameraCaptureDialog.Mode"/>
        </member>
        <member name="P:Microsoft.WindowsMobile.Forms.CameraCaptureDialog.Mode">
            <summary>
            Gets or sets the image capture mode.
            </summary>
            <value>
            One of the <b>CameraCaptureMode</b> enumeration values, which specifies the camera mode used to initialize the Camera Capture function.
            For more information, see <see cref="T:Microsoft.WindowsMobile.Forms.CameraCaptureMode"/>.
            </value>
            <remarks>
            The default value is <b>Still</b>.
            If the value is not defined in the <b>CameraCaptureMode</b> enumeration, then a <b>System.ArgumentException</b> exception is raised.
            </remarks>
            <exception cref="T:System.ArgumentException">Thrown when attempting to set an invalid camera capture mode.</exception>
            <seealso cref="T:Microsoft.WindowsMobile.Forms.CameraCaptureDialog"/>
            <seealso cref="M:Microsoft.WindowsMobile.Forms.CameraCaptureDialog.ShowDialog"/>
            <seealso cref="T:Microsoft.WindowsMobile.Forms.CameraCaptureMode"/>
            <seealso cref="T:Microsoft.WindowsMobile.Forms.CameraCaptureStillQuality"/>
            <seealso cref="T:Microsoft.WindowsMobile.Forms.CameraCaptureVideoTypes"/>
            <seealso cref="P:Microsoft.WindowsMobile.Forms.CameraCaptureDialog.Owner"/>
            <seealso cref="P:Microsoft.WindowsMobile.Forms.CameraCaptureDialog.InitialDirectory"/>
            <seealso cref="P:Microsoft.WindowsMobile.Forms.CameraCaptureDialog.DefaultFileName"/>        
            <seealso cref="P:Microsoft.WindowsMobile.Forms.CameraCaptureDialog.Title"/>
            <seealso cref="P:Microsoft.WindowsMobile.Forms.CameraCaptureDialog.StillQuality"/>
            <seealso cref="P:Microsoft.WindowsMobile.Forms.CameraCaptureDialog.VideoTypes"/>
            <seealso cref="P:Microsoft.WindowsMobile.Forms.CameraCaptureDialog.Resolution"/>
            <seealso cref="P:Microsoft.WindowsMobile.Forms.CameraCaptureDialog.VideoTimeLimit"/>
        </member>
    </members>
</doc>
