<?xml version="1.0" encoding="UTF-8"?>
		<People Type="0" Discripiton="0:常驻,1:暂住,2:高危">
			<BaseInfo>
				<Name/>
				<Sex/>
				<Birth/>
				<Nation/>
				<Address/>
				<ID/>
				<RegisterDay/>
			</BaseInfo>
			<OtherInfo Type="0">
				<Culture/>
				<Military/>
				<Marry>
					<Name/>
					<ID/>
					<Phone/>
					<BirthAddress/>
				</Marry>
				<Spouse/>
				<Area/>
				<Religion/>
				<Height/>
				<Blood/>
				<Profession/>
				<Company>
					<Name/>
					<Address/>
					<Phone/>
				</Company>
				<QQ/>
				<Mail/>
				<Pics>
					<Pic/>
				</Pics>
				<Familys>
					<Family>
						<Name/>
						<IDCard/>
						<Address/>
						<Phone/>
						<Contact/>
					</Family>
					<Family>
						<Name/>
						<IDCard/>
						<Address/>
						<Phone/>
						<Contact/>
					</Family>
					<Family>
						<Name/>
						<IDCard/>
						<Address/>
						<Phone/>
						<Contact/>
					</Family>
					<Family>
						<Name/>
						<IDCard/>
						<Address/>
						<Phone/>
						<Contact/>
					</Family>
				</Familys>
			</OtherInfo>
		</People>
				