<?xml version="1.0" encoding="UTF-8"?>
<Data>
	<System User="" Auditor="" Data="">
		<HouseDatas>
			<House Type="0" Discription="0:私产,1:公产" Guid="Template" IsUpdate="" CreateTime="">
				<Info Discription="街道以及其他信息">
					<HouseBase/>
					<HouseType/>
					<Street/>
					<GPS/>
					<Comment/>
					<Address>
					</Address>
				</Info>
				<House_Private Discription="私产">
					<Master>
						<Name/>
						<Sex/>
						<Birth/>
						<Nation/>
						<ID/>
						<LinkMethod/>
						<Comment/>
					</Master>
				</House_Private>
				<House_Public Discription="公产">
					<Master>
						<Name>
						</Name>
						<LinkName>
						</LinkName>						
						<Address>
						</Address>
						<LinkMethod>
						</LinkMethod>
						<Comment/>
					</Master>
				</House_Public>
				<Camera Discription="图像采集">
					<Camera_In>
					</Camera_In>
					<Camera_Out>
					</Camera_Out>
				</Camera>
			</House>
		</HouseDatas>
		<PeopleDatas>
			<PeopleData Type="0" Discription="0:常住,1:临时,2重点" Guid="Template" IsUpdate="" CreateTime="">
			<People_Special>
				<Nation></Nation>
				<inData></inData>
				<tAddress></tAddress>
				<ServiceCompany></ServiceCompany>
				<ServiceMaster></ServiceMaster>
				<ServiceMail></ServiceMail>
				<ServiceQQMail></ServiceQQMail>
				<ServiceComment></ServiceComment>
			</People_Special>
			<People_Permanent Discription="常住">
				<IDName></IDName>
				<IDSex></IDSex>
				<IDNation></IDNation>
				<IDBirth></IDBirth>
				<ID></ID>
				<IDAddress></IDAddress>
				<Native></Native>
				<BirthArea></BirthArea>
				<inData></inData>
				<Address></Address>
				<tAddress></tAddress>
				<Particulars></Particulars>
				<ServiceCompany></ServiceCompany>
				<ServiceMaster></ServiceMaster>
				<ServiceMail></ServiceMail>
				<ServiceQQMail></ServiceQQMail>
				<ServiceComment></ServiceComment>
				<Peoples>
					<Peoples_Lelatives>
						<People Id="1">
							<Name></Name>
							<Contact></Contact>
							<ID></ID>
							<Phone></Phone>
							<IDAddress></IDAddress>
						</People>
						<People Id="2">
							<Name></Name>
							<Contact></Contact>
							<ID></ID>
							<Phone></Phone>
							<IDAddress></IDAddress>
						</People>
					</Peoples_Lelatives>
				</Peoples>
			</People_Permanent>
			<People_Temp Discription="临时">
				<IDName></IDName>
				<IDSex></IDSex>
				<IDNation></IDNation>
				<IDBirth></IDBirth>
				<ID></ID>
				<IDAddress></IDAddress>
				<Native></Native>
				<inData></inData>
				<tAddress></tAddress>
				<Particulars></Particulars>
				<LiveDate></LiveDate>
				<MasterName></MasterName>
				<MasterContact></MasterContact>
				<MasterID>
				</MasterID>
				<ServiceCompany></ServiceCompany>
				<ServiceMaster></ServiceMaster>
				<ServiceMail></ServiceMail>
				<ServiceQQMail></ServiceQQMail>
				<ServiceComment></ServiceComment>
				<Peoples>
					<Peoples_Lelatives>
						<People Id="1">
							<Name></Name>
							<Contact></Contact>
							<ID></ID>
							<Phone></Phone>
							<IDAddress></IDAddress>
						</People>
						<People></People>
					</Peoples_Lelatives>
										<Peoples_Lelatives>
						<People Id="1">
							<Name></Name>
							<Contact></Contact>
							<ID></ID>
							<Phone></Phone>
							<IDAddress></IDAddress>
						</People>
						<People></People>
					</Peoples_Lelatives>
				</Peoples>
			</People_Temp>
			</PeopleData>
		</PeopleDatas>
	</System>
</Data>
